-- Load Sample Price Lists
-- US is the default price list
INSERT INTO BLC_PRICE_LIST (PRICE_LIST_ID,CURRENCY_CODE,FRIENDLY_NAME,PRIORITY,START_DATE, DEFAULT_TO_STANDARD_PRICES) VALUES (-10001,'USD','US Dollar',2,CURRENT_TIMESTAMP, true);

-- Price lists for other geographies (see rules and rate table based modifiers below)  
-- You can also manually set the prices for each product/priceList combination but the rate tables provide a nice way to manage the prices in bulk.
INSERT INTO BLC_PRICE_LIST (PRICE_LIST_ID,CURRENCY_CODE,FRIENDLY_NAME,PRIORITY,START_DATE) VALUES (-10002,'GBP','British Pound',1,CURRENT_TIMESTAMP);
INSERT INTO BLC_PRICE_LIST (PRICE_LIST_ID,CURRENCY_CODE,FRIENDLY_NAME,PRIORITY,START_DATE) VALUES (-10003,'EUR','Euro',1,CURRENT_TIMESTAMP);
INSERT INTO BLC_PRICE_LIST (PRICE_LIST_ID,CURRENCY_CODE,FRIENDLY_NAME,PRIORITY,START_DATE) VALUES (-10004,'MXN','Mexican Peso',1,CURRENT_TIMESTAMP);

-- PRICE LIST CRITERIA RULES for NON DEFAULT PRICE LISTS
INSERT INTO BLC_PL_CRITERIA_RULE (PL_RULE_CRITERIA_ID, MATCH_RULE) VALUES (-10002,'pricingContext.?localeCode=="en_GB"');
INSERT INTO BLC_PL_CRITERIA_RULE (PL_RULE_CRITERIA_ID, MATCH_RULE) VALUES (-10003,'MvelHelper.toUpperCase(pricingContext.?localeCode).contains(MvelHelper.toUpperCase("ES"))||MvelHelper.toUpperCase(pricingContext.?localeCode).contains(MvelHelper.toUpperCase("FR"))');
INSERT INTO BLC_PL_CRITERIA_RULE (PL_RULE_CRITERIA_ID, MATCH_RULE) VALUES (-10004,'MvelHelper.toUpperCase(pricingContext.?localeCode).contains(MvelHelper.toUpperCase("MX"))');

-- PRICE LIST / CRITERIA MAP
INSERT INTO BLC_PL_RULE_MAP (PRICE_LIST_ID, PL_RULE_CRITERIA_ID, MAP_KEY) VALUES (-10002, -10002, 'PRICING_CONTEXT');
INSERT INTO BLC_PL_RULE_MAP (PRICE_LIST_ID, PL_RULE_CRITERIA_ID, MAP_KEY) VALUES (-10003, -10003, 'PRICING_CONTEXT');
INSERT INTO BLC_PL_RULE_MAP (PRICE_LIST_ID, PL_RULE_CRITERIA_ID, MAP_KEY) VALUES (-10004, -10004, 'PRICING_CONTEXT');

-- PRICE MODIFIERS FOR NON DEFAULT PRICE LISTS
INSERT INTO BLC_PRICE_MODIFIER (PRICE_MODIFIER_ID, PRICE_LIST_ID, FRIENDLY_NAME, PRIORITY, MODIFICATION_SOURCE_FIELD, MODIFICATION_TARGET_FIELD, PRICE_MODIFY_TYPE, MODIFICATION_AMOUNT) VALUES (-10001, -10002, 'US/UK EXCHANGE RATE RETAIL', 1, 'SKU.RETAIL', 'RETAIL', 'MULTIPLIER', .66);
INSERT INTO BLC_PRICE_MODIFIER (PRICE_MODIFIER_ID, PRICE_LIST_ID, FRIENDLY_NAME, PRIORITY, MODIFICATION_SOURCE_FIELD, MODIFICATION_TARGET_FIELD, PRICE_MODIFY_TYPE, MODIFICATION_AMOUNT) VALUES (-10002, -10002, 'US/UK EXCHANGE RATE SALE', 1, 'SKU.SALE', 'SALE', 'MULTIPLIER', .66);
INSERT INTO BLC_PRICE_MODIFIER (PRICE_MODIFIER_ID, PRICE_LIST_ID, FRIENDLY_NAME, PRIORITY, MODIFICATION_SOURCE_FIELD, MODIFICATION_TARGET_FIELD, PRICE_MODIFY_TYPE, MODIFICATION_AMOUNT) VALUES (-10003, -10003, 'US/EUR EXCHANGE RATE RETAIL', 1, 'SKU.RETAIL', 'RETAIL', 'MULTIPLIER', .77);
INSERT INTO BLC_PRICE_MODIFIER (PRICE_MODIFIER_ID, PRICE_LIST_ID, FRIENDLY_NAME, PRIORITY, MODIFICATION_SOURCE_FIELD, MODIFICATION_TARGET_FIELD, PRICE_MODIFY_TYPE, MODIFICATION_AMOUNT) VALUES (-10004, -10003, 'US/EUR EXCHANGE RATE SALE', 1, 'SKU.SALE', 'SALE', 'MULTIPLIER', .77);
INSERT INTO BLC_PRICE_MODIFIER (PRICE_MODIFIER_ID, PRICE_LIST_ID, FRIENDLY_NAME, PRIORITY, MODIFICATION_SOURCE_FIELD, MODIFICATION_TARGET_FIELD, PRICE_MODIFY_TYPE, MODIFICATION_AMOUNT) VALUES (-10005, -10004, 'US/MEX EXCHANGE RATE RETAIL', 1, 'SKU.RETAIL', 'RETAIL', 'MULTIPLIER', 12.44);
INSERT INTO BLC_PRICE_MODIFIER (PRICE_MODIFIER_ID, PRICE_LIST_ID, FRIENDLY_NAME, PRIORITY, MODIFICATION_SOURCE_FIELD, MODIFICATION_TARGET_FIELD, PRICE_MODIFY_TYPE, MODIFICATION_AMOUNT) VALUES (-10006, -10004, 'US/MEX EXCHANGE RATE SALE', 1, 'SKU.SALE', 'SALE', 'MULTIPLIER', 12.44);

-- We need to add search facet ranges for our additional pricelists
-- Pounds
INSERT INTO BLC_SEARCH_FACET_RANGE (SEARCH_FACET_RANGE_ID, PRICE_LIST_ID, SEARCH_FACET_ID, MIN_VALUE, MAX_VALUE) VALUES (-10001, -10002, 3, 0, 4);
INSERT INTO BLC_SEARCH_FACET_RANGE (SEARCH_FACET_RANGE_ID, PRICE_LIST_ID, SEARCH_FACET_ID, MIN_VALUE, MAX_VALUE) VALUES (-10002, -10002, 3, 4, 8);
INSERT INTO BLC_SEARCH_FACET_RANGE (SEARCH_FACET_RANGE_ID, PRICE_LIST_ID, SEARCH_FACET_ID, MIN_VALUE, MAX_VALUE) VALUES (-10003, -10002, 3, 8, null);
-- Euros
INSERT INTO BLC_SEARCH_FACET_RANGE (SEARCH_FACET_RANGE_ID, PRICE_LIST_ID, SEARCH_FACET_ID, MIN_VALUE, MAX_VALUE) VALUES (-10004, -10003, 3, 0, 4);
INSERT INTO BLC_SEARCH_FACET_RANGE (SEARCH_FACET_RANGE_ID, PRICE_LIST_ID, SEARCH_FACET_ID, MIN_VALUE, MAX_VALUE) VALUES (-10005, -10003, 3, 4, 9);
INSERT INTO BLC_SEARCH_FACET_RANGE (SEARCH_FACET_RANGE_ID, PRICE_LIST_ID, SEARCH_FACET_ID, MIN_VALUE, MAX_VALUE) VALUES (-10006, -10003, 3, 9, null);
-- Pesos
INSERT INTO BLC_SEARCH_FACET_RANGE (SEARCH_FACET_RANGE_ID, PRICE_LIST_ID, SEARCH_FACET_ID, MIN_VALUE, MAX_VALUE) VALUES (-10007, -10004, 3, 0, 75);
INSERT INTO BLC_SEARCH_FACET_RANGE (SEARCH_FACET_RANGE_ID, PRICE_LIST_ID, SEARCH_FACET_ID, MIN_VALUE, MAX_VALUE) VALUES (-10008, -10004, 3, 75, 140);
INSERT INTO BLC_SEARCH_FACET_RANGE (SEARCH_FACET_RANGE_ID, PRICE_LIST_ID, SEARCH_FACET_ID, MIN_VALUE, MAX_VALUE) VALUES (-10009, -10004, 3, 140, null);
-- Dollars
INSERT INTO BLC_SEARCH_FACET_RANGE (SEARCH_FACET_RANGE_ID, PRICE_LIST_ID, SEARCH_FACET_ID, MIN_VALUE, MAX_VALUE) VALUES (-10010, -10001, 3, 0, 5);
INSERT INTO BLC_SEARCH_FACET_RANGE (SEARCH_FACET_RANGE_ID, PRICE_LIST_ID, SEARCH_FACET_ID, MIN_VALUE, MAX_VALUE) VALUES (-10011, -10001, 3, 5, 10);
INSERT INTO BLC_SEARCH_FACET_RANGE (SEARCH_FACET_RANGE_ID, PRICE_LIST_ID, SEARCH_FACET_ID, MIN_VALUE, MAX_VALUE) VALUES (-10012, -10001, 3, 10, 15);
INSERT INTO BLC_SEARCH_FACET_RANGE (SEARCH_FACET_RANGE_ID, PRICE_LIST_ID, SEARCH_FACET_ID, MIN_VALUE, MAX_VALUE) VALUES (-10013, -10001, 3, 15, null);
