-- The theme provided
INSERT INTO BLC_THEME_DEFINITION (THEME_DEFINITION_ID, THEME_NAME, THEME_DESCRIPITON, THEME_PATH, IS_DEFAULT) VALUES (-1, 'Default Theme', 'Default theme used if a site does not specify a theme', 'default-theme', true);

-- The default theme configurations
INSERT INTO BLC_THEME_CONFIGURATION (THEME_CONFIGURATION_ID, THEME_NAME, THEME_DEFINITION_ID, DATE_CREATED, DATE_UPDATED) VALUES (-1, 'Default Theme Configuration', -1, CURRENT_TIMESTAMP, CURRENT_TIMESTAMP);

-- Configuration options for custom theme
INSERT INTO BLC_FLD_GROUP(FLD_GROUP_ID, NAME, INIT_COLLAPSED_FLAG) VALUES (-1110, 'Theme Colors', FALSE);
INSERT INTO BLC_FLD_DEF (FLD_DEF_ID, ALLOW_MULTIPLES, COLUMN_WIDTH, FLD_ORDER, FLD_TYPE, FRIENDLY_NAME, HIDDEN_FLAG, MAX_LENGTH, NAME, SECURITY_LEVEL, TEXT_AREA_FLAG, VLDTN_ERROR_MSSG_KEY, VLDTN_REGEX, ENUM_ID, FLD_GROUP_ID) VALUES (-1110, FALSE, '*', 0, 'COLOR', 'Header Color', FALSE, NULL, 'headerColor', NULL, FALSE, NULL, NULL, NULL, -1110);
INSERT INTO BLC_FLD_DEF (FLD_DEF_ID, ALLOW_MULTIPLES, COLUMN_WIDTH, FLD_ORDER, FLD_TYPE, FRIENDLY_NAME, HIDDEN_FLAG, MAX_LENGTH, NAME, SECURITY_LEVEL, TEXT_AREA_FLAG, VLDTN_ERROR_MSSG_KEY, VLDTN_REGEX, ENUM_ID, FLD_GROUP_ID) VALUES (-1111, FALSE, '*', 1, 'COLOR', 'Link Color', FALSE, NULL, 'linkColor', NULL, FALSE, NULL, NULL, NULL, -1110);
INSERT INTO BLC_FLD_DEF (FLD_DEF_ID, ALLOW_MULTIPLES, COLUMN_WIDTH, FLD_ORDER, FLD_TYPE, FRIENDLY_NAME, HIDDEN_FLAG, MAX_LENGTH, NAME, SECURITY_LEVEL, TEXT_AREA_FLAG, VLDTN_ERROR_MSSG_KEY, VLDTN_REGEX, ENUM_ID, FLD_GROUP_ID) VALUES (-1112, FALSE, '*', 2, 'COLOR', 'Link Color (Hover)', FALSE, NULL, 'linkHoverColor', NULL, FALSE, NULL, NULL, NULL, -1110);
INSERT INTO BLC_FLD_DEF (FLD_DEF_ID, ALLOW_MULTIPLES, COLUMN_WIDTH, FLD_ORDER, FLD_TYPE, FRIENDLY_NAME, HIDDEN_FLAG, MAX_LENGTH, NAME, SECURITY_LEVEL, TEXT_AREA_FLAG, VLDTN_ERROR_MSSG_KEY, VLDTN_REGEX, ENUM_ID, FLD_GROUP_ID) VALUES (-1113, FALSE, '*', 3, 'COLOR', 'Main Button Color', FALSE, NULL, 'mainButtonColor', NULL, FALSE, NULL, NULL, NULL, -1110);
INSERT INTO BLC_FLD_DEF (FLD_DEF_ID, ALLOW_MULTIPLES, COLUMN_WIDTH, FLD_ORDER, FLD_TYPE, FRIENDLY_NAME, HIDDEN_FLAG, MAX_LENGTH, NAME, SECURITY_LEVEL, TEXT_AREA_FLAG, VLDTN_ERROR_MSSG_KEY, VLDTN_REGEX, ENUM_ID, FLD_GROUP_ID) VALUES (-1114, FALSE, '*', 4, 'COLOR', 'Main Button Color (Hover)', FALSE, NULL, 'mainButtonHoverColor', NULL, FALSE, NULL, NULL, NULL, -1110);
INSERT INTO BLC_FLD_DEF (FLD_DEF_ID, ALLOW_MULTIPLES, COLUMN_WIDTH, FLD_ORDER, FLD_TYPE, FRIENDLY_NAME, HIDDEN_FLAG, MAX_LENGTH, NAME, SECURITY_LEVEL, TEXT_AREA_FLAG, VLDTN_ERROR_MSSG_KEY, VLDTN_REGEX, ENUM_ID, FLD_GROUP_ID) VALUES (-1115, FALSE, '*', 5, 'COLOR', 'Main Button Text Color', FALSE, NULL, 'mainButtonTextColor', NULL, FALSE, NULL, NULL, NULL, -1110);
INSERT INTO BLC_FLD_DEF (FLD_DEF_ID, ALLOW_MULTIPLES, COLUMN_WIDTH, FLD_ORDER, FLD_TYPE, FRIENDLY_NAME, HIDDEN_FLAG, MAX_LENGTH, NAME, SECURITY_LEVEL, TEXT_AREA_FLAG, VLDTN_ERROR_MSSG_KEY, VLDTN_REGEX, ENUM_ID, FLD_GROUP_ID) VALUES (-1116, FALSE, '*', 6, 'COLOR', 'Separator Color', FALSE, NULL, 'separatorColor', NULL, FALSE, NULL, NULL, NULL, -1110);

INSERT INTO BLC_FLD_GROUP(FLD_GROUP_ID, NAME, INIT_COLLAPSED_FLAG) VALUES (-1111, 'Theme Images', FALSE);
INSERT INTO BLC_FLD_DEF (FLD_DEF_ID, ALLOW_MULTIPLES, COLUMN_WIDTH, FLD_ORDER, FLD_TYPE, FRIENDLY_NAME, HIDDEN_FLAG, MAX_LENGTH, NAME, SECURITY_LEVEL, TEXT_AREA_FLAG, VLDTN_ERROR_MSSG_KEY, VLDTN_REGEX, ENUM_ID, FLD_GROUP_ID) VALUES (-1117, FALSE, '*', 0, 'ASSET_LOOKUP', 'Logo Image', FALSE, NULL, 'logoImage', NULL, FALSE, NULL, NULL, NULL, -1111);
INSERT INTO BLC_FLD_DEF (FLD_DEF_ID, ALLOW_MULTIPLES, COLUMN_WIDTH, FLD_ORDER, FLD_TYPE, FRIENDLY_NAME, HIDDEN_FLAG, MAX_LENGTH, NAME, SECURITY_LEVEL, TEXT_AREA_FLAG, VLDTN_ERROR_MSSG_KEY, VLDTN_REGEX, ENUM_ID, FLD_GROUP_ID) VALUES (-1118, FALSE, '*', 1, 'ASSET_LOOKUP', 'New Product Badge', FALSE, NULL, 'newBadge', NULL, FALSE, NULL, NULL, NULL, -1111);

INSERT INTO BLC_FLD_GROUP(FLD_GROUP_ID, NAME, INIT_COLLAPSED_FLAG) VALUES (-1112, 'Theme Options', FALSE);
INSERT INTO BLC_FLD_DEF (FLD_DEF_ID, ALLOW_MULTIPLES, COLUMN_WIDTH, FLD_ORDER, FLD_TYPE, FRIENDLY_NAME, HIDDEN_FLAG, MAX_LENGTH, NAME, SECURITY_LEVEL, TEXT_AREA_FLAG, VLDTN_ERROR_MSSG_KEY, VLDTN_REGEX, ENUM_ID, FLD_GROUP_ID) VALUES (-1119, FALSE, '*', 0, 'BOOLEAN', 'Show Flags', FALSE, NULL, 'showFlags', NULL, FALSE, NULL, NULL, NULL, -1112);
INSERT INTO BLC_FLD_DEF (FLD_DEF_ID, ALLOW_MULTIPLES, COLUMN_WIDTH, FLD_ORDER, FLD_TYPE, FRIENDLY_NAME, HIDDEN_FLAG, MAX_LENGTH, NAME, SECURITY_LEVEL, TEXT_AREA_FLAG, VLDTN_ERROR_MSSG_KEY, VLDTN_REGEX, ENUM_ID, FLD_GROUP_ID) VALUES (-1120, FALSE, '*', 1, 'BOOLEAN', 'Enable AJAX Cart', FALSE, NULL, 'ajaxCart', NULL, FALSE, NULL, NULL, NULL, -1112);

INSERT INTO BLC_FLD_GROUP(FLD_GROUP_ID, NAME, INIT_COLLAPSED_FLAG) VALUES (-1113, 'Theme Menus', FALSE);
INSERT INTO BLC_FLD_DEF (FLD_DEF_ID, ALLOW_MULTIPLES, COLUMN_WIDTH, FLD_ORDER, FLD_TYPE, FRIENDLY_NAME, HIDDEN_FLAG, MAX_LENGTH, NAME, SECURITY_LEVEL, TEXT_AREA_FLAG, VLDTN_ERROR_MSSG_KEY, VLDTN_REGEX, ENUM_ID, FLD_GROUP_ID) VALUES (-1121, FALSE, '*', 0, 'ADDITIONAL_FOREIGN_KEY|org.broadleafcommerce.menu.domain.Menu', 'Header Nav', FALSE, NULL, 'Header Nav', NULL, FALSE, NULL, NULL, NULL, -1113);

-- Mapping those options to the custom theme
INSERT INTO BLC_THMDEF_FLDGRP_XREF(THEME_DEFINITION_ID, FLD_GROUP_ID, GROUP_ORDER) VALUES (-1, -1110, 0);
INSERT INTO BLC_THMDEF_FLDGRP_XREF(THEME_DEFINITION_ID, FLD_GROUP_ID, GROUP_ORDER) VALUES (-1, -1111, 1);
INSERT INTO BLC_THMDEF_FLDGRP_XREF(THEME_DEFINITION_ID, FLD_GROUP_ID, GROUP_ORDER) VALUES (-1, -1112, 2);
INSERT INTO BLC_THMDEF_FLDGRP_XREF(THEME_DEFINITION_ID, FLD_GROUP_ID, GROUP_ORDER) VALUES (-1, -1113, 3);

-- Theme files
INSERT INTO BLC_THEME_FILE (ID, FILE_TYPE, TEMPLATE_TYPE, NAME, PATH, THEME_CONFIG_ID) VALUES (-21000, 'html', 'category', 'Default Category Template', 'catalog/category', -1);
INSERT INTO BLC_THEME_FILE (ID, FILE_TYPE, TEMPLATE_TYPE, NAME, PATH, THEME_CONFIG_ID) VALUES (-21001, 'html', 'product', 'Default Product Template', 'catalog/product', -1);
INSERT INTO BLC_THEME_FILE (ID, FILE_TYPE, NAME, PATH, THEME_CONFIG_ID) VALUES (-21002, 'js', 'Main Heat Clinic JS', 'heatClinic.js', -1);
INSERT INTO BLC_THEME_FILE (ID, FILE_TYPE, NAME, PATH, THEME_CONFIG_ID) VALUES (-21003, 'css', 'Main Heat Clinic CSS', 'style.css', -1);
