--
-- The Archetype is configured with "hibernate.hbm2ddl.auto" value="create-drop" in "persistence.xml".
--
-- This will cause hibernate to populate the database when the application is started by processing the files that
-- were configured in the hibernate.hbm2ddl.import_files property.
--
-- This file is responsible for loading the the catalog data used in the Archetype.   Implementers can change this file
-- to load their initial catalog.
--

-- Custom store navigation (default template uses these for the header navigation)
INSERT INTO BLC_CATEGORY (CATEGORY_ID,DESCRIPTION,NAME,URL,DEFAULT_PARENT_CATEGORY_ID,ACTIVE_START_DATE) VALUES (2005,'Gift Cards','Gift Cards','/gift-cards',NULL,CURRENT_TIMESTAMP);
-- INSERT INTO BLC_CAT_SEARCH_FACET_XREF (CATEGORY_SEARCH_FACET_ID, CATEGORY_ID, SEARCH_FACET_ID, SEQUENCE) VALUES (-15000, 2005, 1, 1);

INSERT INTO BLC_PRODUCT (PRODUCT_ID,  DEFAULT_CATEGORY_ID, URL, MANUFACTURE, IS_FEATURED_PRODUCT) VALUES (-15000,2005,'/gift-card/5-card','The Heat Clinic',FALSE);
INSERT INTO BLC_PRODUCT (PRODUCT_ID,  DEFAULT_CATEGORY_ID, URL, MANUFACTURE, IS_FEATURED_PRODUCT) VALUES (-15001,2005,'/gift-card/10-card','The Heat Clinic',FALSE);
INSERT INTO BLC_PRODUCT (PRODUCT_ID,  DEFAULT_CATEGORY_ID, URL, MANUFACTURE, IS_FEATURED_PRODUCT) VALUES (-15002,2005,'/gift-card/50-card','The Heat Clinic',FALSE);

-- Gift card SKUs and options
INSERT INTO BLC_SKU (SKU_ID,DEFAULT_PRODUCT_ID,NAME,SALE_PRICE,RETAIL_PRICE,TAXABLE_FLAG,DISCOUNTABLE_FLAG,ACTIVE_START_DATE,FULFILLMENT_TYPE,CURRENCY_CODE) VALUES (-15000,-15000,'$5 Gift Card',5.00,5.00,'Y','Y',CURRENT_TIMESTAMP,'GIFT_CARD','USD');
INSERT INTO BLC_SKU (SKU_ID,DEFAULT_PRODUCT_ID,NAME,SALE_PRICE,RETAIL_PRICE,TAXABLE_FLAG,DISCOUNTABLE_FLAG,ACTIVE_START_DATE,FULFILLMENT_TYPE,CURRENCY_CODE) VALUES (-15001,-15001,'$10 Gift Card',10.00,10.00,'Y','Y',CURRENT_TIMESTAMP,'GIFT_CARD','USD');
INSERT INTO BLC_SKU (SKU_ID,DEFAULT_PRODUCT_ID,NAME,SALE_PRICE,RETAIL_PRICE,TAXABLE_FLAG,DISCOUNTABLE_FLAG,ACTIVE_START_DATE,FULFILLMENT_TYPE,CURRENCY_CODE) VALUES (-15002,-15002,'$50 Gift Card',50.00,50.00,'Y','Y',CURRENT_TIMESTAMP,'GIFT_CARD','USD');

------------------------------------------------------------------------------------------------------------------
-- Update the DEFAULT_SKU_ID on the products
------------------------------------------------------------------------------------------------------------------
UPDATE BLC_PRODUCT SET DEFAULT_SKU_ID = -15000 WHERE PRODUCT_ID = -15000;
UPDATE BLC_PRODUCT SET DEFAULT_SKU_ID = -15001 WHERE PRODUCT_ID = -15001;
UPDATE BLC_PRODUCT SET DEFAULT_SKU_ID = -15002 WHERE PRODUCT_ID = -15002;

-- In order to utilize the variable pricing Gift Card activity (i.e. com.broadleafcommerce.accountcredit.core.workflow.GiftCardPriceOverrideActivity)
-- the product options defined below must match the types defined in com.broadleafcommerce.accountcredit.profile.core.domain.GiftCardProductOptionEnum
INSERT INTO BLC_PRODUCT_OPTION (PRODUCT_OPTION_ID, OPTION_TYPE, ATTRIBUTE_NAME, LABEL, REQUIRED, USE_IN_SKU_GENERATION) VALUES (-15000, 'COLOR', 'GC_DESIGN', 'Design', TRUE, FALSE);
INSERT INTO BLC_PRODUCT_OPTION (PRODUCT_OPTION_ID, OPTION_TYPE, ATTRIBUTE_NAME, LABEL, REQUIRED, USE_IN_SKU_GENERATION, VALIDATION_TYPE, VALIDATION_STRING, ERROR_MESSAGE, ERROR_CODE) VALUES (-15001, 'DECIMAL', 'GC_AMOUNT', 'Amount', TRUE, FALSE, 'REGEX', '[0-9]*\.?[0-9]{0,2}', 'Invalid amount.', 'INVALID_AMOUNT');
INSERT INTO BLC_PRODUCT_OPTION (PRODUCT_OPTION_ID, OPTION_TYPE, ATTRIBUTE_NAME, LABEL, REQUIRED, USE_IN_SKU_GENERATION) VALUES (-15002, 'TEXT', 'GC_RECIPIENT_NAME', 'Recipient Name', FALSE, FALSE);
INSERT INTO BLC_PRODUCT_OPTION (PRODUCT_OPTION_ID, OPTION_TYPE, ATTRIBUTE_NAME, LABEL, REQUIRED, USE_IN_SKU_GENERATION, VALIDATION_TYPE, VALIDATION_STRING, ERROR_MESSAGE, ERROR_CODE) VALUES (-15003, 'TEXT', 'GC_RECIPIENT_EMAIL', 'Recipient Email', TRUE, FALSE, 'REGEX', '(.+)@(.+)', 'Invalid email address.', 'INVALID_EMAIL');
INSERT INTO BLC_PRODUCT_OPTION (PRODUCT_OPTION_ID, OPTION_TYPE, ATTRIBUTE_NAME, LABEL, REQUIRED, USE_IN_SKU_GENERATION) VALUES (-15004, 'TEXT', 'GC_SENDER_NAME', 'Sender Name', FALSE, FALSE);
INSERT INTO BLC_PRODUCT_OPTION (PRODUCT_OPTION_ID, OPTION_TYPE, ATTRIBUTE_NAME, LABEL, REQUIRED, USE_IN_SKU_GENERATION) VALUES (-15005, 'TEXTAREA','GC_MESSAGE', 'Personal Message', FALSE, FALSE);

INSERT INTO BLC_PRODUCT_OPTION_VALUE (PRODUCT_OPTION_VALUE_ID, ATTRIBUTE_VALUE, DISPLAY_ORDER, PRODUCT_OPTION_ID) VALUES (-15000, 'Red', 1, -15000);
INSERT INTO BLC_PRODUCT_OPTION_VALUE (PRODUCT_OPTION_VALUE_ID, ATTRIBUTE_VALUE, DISPLAY_ORDER, PRODUCT_OPTION_ID) VALUES (-15001, 'Blue', 2, -15000);

-- In order to utilize the variable pricing Gift Card activity (i.e. com.broadleafcommerce.accountcredit.core.workflow.GiftCardPriceOverrideActivity)
-- uncomment the below BLC_PRODUCT_OPTION_XREF rows to put the GC_AMOUNT ProductOption on the gift card Product
INSERT INTO BLC_PRODUCT_OPTION_XREF (PRODUCT_OPTION_XREF_ID, PRODUCT_OPTION_ID, PRODUCT_ID) VALUES (-15000, -15000, -15000);
--INSERT INTO BLC_PRODUCT_OPTION_XREF (PRODUCT_OPTION_XREF_ID, PRODUCT_OPTION_ID, PRODUCT_ID) VALUES (-15001, -15001, -15000);
INSERT INTO BLC_PRODUCT_OPTION_XREF (PRODUCT_OPTION_XREF_ID, PRODUCT_OPTION_ID, PRODUCT_ID) VALUES (-15002, -15002, -15000);
INSERT INTO BLC_PRODUCT_OPTION_XREF (PRODUCT_OPTION_XREF_ID, PRODUCT_OPTION_ID, PRODUCT_ID) VALUES (-15003, -15003, -15000);
INSERT INTO BLC_PRODUCT_OPTION_XREF (PRODUCT_OPTION_XREF_ID, PRODUCT_OPTION_ID, PRODUCT_ID) VALUES (-15004, -15004, -15000);
INSERT INTO BLC_PRODUCT_OPTION_XREF (PRODUCT_OPTION_XREF_ID, PRODUCT_OPTION_ID, PRODUCT_ID) VALUES (-15005, -15005, -15000);
INSERT INTO BLC_PRODUCT_OPTION_XREF (PRODUCT_OPTION_XREF_ID, PRODUCT_OPTION_ID, PRODUCT_ID) VALUES (-15006, -15000, -15001);
--INSERT INTO BLC_PRODUCT_OPTION_XREF (PRODUCT_OPTION_XREF_ID, PRODUCT_OPTION_ID, PRODUCT_ID) VALUES (-15007, -15001, -15001);
INSERT INTO BLC_PRODUCT_OPTION_XREF (PRODUCT_OPTION_XREF_ID, PRODUCT_OPTION_ID, PRODUCT_ID) VALUES (-15008, -15002, -15001);
INSERT INTO BLC_PRODUCT_OPTION_XREF (PRODUCT_OPTION_XREF_ID, PRODUCT_OPTION_ID, PRODUCT_ID) VALUES (-15009, -15003, -15001);
INSERT INTO BLC_PRODUCT_OPTION_XREF (PRODUCT_OPTION_XREF_ID, PRODUCT_OPTION_ID, PRODUCT_ID) VALUES (-15010, -15004, -15001);
INSERT INTO BLC_PRODUCT_OPTION_XREF (PRODUCT_OPTION_XREF_ID, PRODUCT_OPTION_ID, PRODUCT_ID) VALUES (-15011, -15005, -15001);
INSERT INTO BLC_PRODUCT_OPTION_XREF (PRODUCT_OPTION_XREF_ID, PRODUCT_OPTION_ID, PRODUCT_ID) VALUES (-15012, -15000, -15002);
--INSERT INTO BLC_PRODUCT_OPTION_XREF (PRODUCT_OPTION_XREF_ID, PRODUCT_OPTION_ID, PRODUCT_ID) VALUES (-15013, -15001, -15002);
INSERT INTO BLC_PRODUCT_OPTION_XREF (PRODUCT_OPTION_XREF_ID, PRODUCT_OPTION_ID, PRODUCT_ID) VALUES (-15014, -15002, -15002);
INSERT INTO BLC_PRODUCT_OPTION_XREF (PRODUCT_OPTION_XREF_ID, PRODUCT_OPTION_ID, PRODUCT_ID) VALUES (-15015, -15003, -15002);
INSERT INTO BLC_PRODUCT_OPTION_XREF (PRODUCT_OPTION_XREF_ID, PRODUCT_OPTION_ID, PRODUCT_ID) VALUES (-15016, -15004, -15002);
INSERT INTO BLC_PRODUCT_OPTION_XREF (PRODUCT_OPTION_XREF_ID, PRODUCT_OPTION_ID, PRODUCT_ID) VALUES (-15017, -15005, -15002);

INSERT INTO BLC_CATEGORY_PRODUCT_XREF (CATEGORY_PRODUCT_ID, PRODUCT_ID, CATEGORY_ID, DISPLAY_ORDER) VALUES (-15000,-15000,2005,1);
INSERT INTO BLC_CATEGORY_PRODUCT_XREF (CATEGORY_PRODUCT_ID, PRODUCT_ID, CATEGORY_ID, DISPLAY_ORDER) VALUES (-15001,-15001,2005,2);
INSERT INTO BLC_CATEGORY_PRODUCT_XREF (CATEGORY_PRODUCT_ID, PRODUCT_ID, CATEGORY_ID, DISPLAY_ORDER) VALUES (-15002,-15002,2005,3);

-- Gift card images
INSERT INTO BLC_MEDIA (MEDIA_ID, URL, TITLE, ALT_TEXT) VALUES (-15000,'/cmsstatic/img/gift-cards/red.png','Gift Card Red','Red');
INSERT INTO BLC_MEDIA (MEDIA_ID, URL, TITLE, ALT_TEXT) VALUES (-15001,'/cmsstatic/img/gift-cards/blue.png','Gift Card Blue','Blue');

INSERT INTO BLC_SKU_MEDIA_MAP (BLC_SKU_SKU_ID, MEDIA_ID, MAP_KEY) VALUES (-15000,-15000,'primary');
INSERT INTO BLC_SKU_MEDIA_MAP (BLC_SKU_SKU_ID, MEDIA_ID, MAP_KEY) VALUES (-15000,-15001,'alt1');
INSERT INTO BLC_SKU_MEDIA_MAP (BLC_SKU_SKU_ID, MEDIA_ID, MAP_KEY) VALUES (-15001,-15000,'primary');
INSERT INTO BLC_SKU_MEDIA_MAP (BLC_SKU_SKU_ID, MEDIA_ID, MAP_KEY) VALUES (-15001,-15001,'alt1');
INSERT INTO BLC_SKU_MEDIA_MAP (BLC_SKU_SKU_ID, MEDIA_ID, MAP_KEY) VALUES (-15002,-15000,'primary');
INSERT INTO BLC_SKU_MEDIA_MAP (BLC_SKU_SKU_ID, MEDIA_ID, MAP_KEY) VALUES (-15002,-15001,'alt1');

INSERT INTO BLC_STATIC_ASSET (STATIC_ASSET_ID, MIME_TYPE, STORAGE_TYPE, FULL_URL, NAME) VALUES (-15000,'image/jpg','FILESYSTEM','/img/gift-cards/red.png','Gift Card Red');
INSERT INTO BLC_STATIC_ASSET (STATIC_ASSET_ID, MIME_TYPE, STORAGE_TYPE, FULL_URL, NAME) VALUES (-15001,'image/jpg','FILESYSTEM','/img/gift-cards/blue.png','Gift Card Blue');
